"occasions_drawn","n_occasions","n_items","cor_ICC.z_min","cor_ICC.z_mean","cor_ICC.z_max","difference.z_mean","difference.z_median","difference.z_min_id","difference.z_max_id","difference.z_min","difference.z_max","RMSE.z_min","RMSE.z_mean","RMSE.z_max","sd_ICC.z_min","sd_ICC.z_mean","sd_ICC.z_max","rel_min","rel_mean","rel_max","percnegICC_raw_min","percnegICC_raw_mean","percnegICC_raw_max","estimationProbNeg_raw_min","estimationProbNeg_raw_mean","estimationProbNeg_raw_max","estimationProbPos_raw_min","estimationProbPos_raw_mean","estimationProbPos_raw_max","N_rel_min","N_rel_mean","N_rel_max","N_cor_ICC.z_min","N_cor_ICC.z_mean","N_cor_ICC.z_max","N_valid_ICC.z_handled_min","N_valid_ICC.z_handled_mean","N_valid_ICC.z_handled_max","n_skipped_persons_var_min","n_skipped_persons_var_mean","n_skipped_persons_var_max","RMSE.z_N_min","RMSE.z_N_mean","RMSE.z_N_max"
"random",14,3,-0.005,0.441,0.708,-0.305,-0.319,73,175,-0.794,0.08,0.136,0.441,1.627,0.219,0.334,1.878,0,0.385,0.982,0.074,0.268,0.494,0,0.001,1,0,1.682,12,88,127.145,163,88,126.418,162,88,127.145,163,0,0,0,0,3591.432,4988
"random",14,4,0.172,0.516,0.747,-0.252,-0.276,73,68,-0.763,0.254,0.113,0.381,1.934,0.213,0.324,1.874,0,0.421,0.984,0.085,0.223,0.455,0,0,0,0,1.017,7,90,135.796,161,90,135.181,161,90,135.796,161,0,0,0,0,3840.381,4998
"random",14,5,0.262,0.572,0.776,-0.206,-0.224,73,92,-0.675,0.097,0.112,0.333,1.162,0.232,0.318,0.441,0.024,0.467,0.73,0.062,0.183,0.409,0,0,0,0,0.722,6,103,143.125,164,103,142.557,163,103,143.125,164,0,0,0,0,4049.909,5000
"random",14,6,0.049,0.487,0.769,-0.122,-0.182,79,84,-0.708,3.486,0.105,0.455,8.332,0.256,0.86,2.782,0.231,0.711,0.993,0.034,0.123,0.261,0,0,1,0,0.082,2,129,154.327,170,128,153.671,170,129,154.327,170,0,0,0,0,4365.659,5000
"random",14,7,0.364,0.625,0.803,-0.135,-0.13,79,69,-0.762,0.101,0.102,0.282,1.227,0.27,0.336,0.443,0.329,0.56,0.75,0.034,0.108,0.227,0,0,0,0,0.451,3,135,156.595,169,135,155.995,168,135,156.595,169,0,0,0,0,4431.682,5000
"random",14,8,0.101,0.551,0.809,-0.068,-0.081,79,84,-0.742,2.547,0.094,0.368,7.116,0.278,0.705,2.87,0.382,0.714,0.994,0.011,0.075,0.159,0,0,0,0,0.056,2,148,162.755,174,148,162.158,172,148,162.755,174,0,0,0,0,4606.767,5000
"random",14,9,0.375,0.638,0.823,-0.069,-0.042,79,110,-0.737,0.071,0.091,0.252,1.201,0.291,0.356,0.436,0.442,0.624,0.752,0.011,0.063,0.136,0,0,0,0,0.312,3,151,164.63,174,151,164.122,173,151,164.63,174,0,0,0,0,4662.562,5000
"random",20,3,0.071,0.498,0.726,-0.305,-0.325,73,175,-0.692,0.062,0.121,0.417,1.086,0.197,0.31,1.539,0,0.536,0.982,0.062,0.24,0.46,0,0,0,0,1.396,12,92,132.309,164,91,131.649,163,92,132.309,164,0,0,0,0,3740.034,4999
"random",20,4,0.145,0.568,0.757,-0.271,-0.286,73,175,-0.694,0.038,0.106,0.375,1.7,0.226,0.314,1.662,0.273,0.593,0.986,0.028,0.147,0.33,0,0,0,0,0.816,6,118,149.389,171,117,148.586,170,118,149.389,171,0,0,0,0,4221.205,5000
"random",20,5,0.359,0.636,0.832,-0.206,-0.228,73,68,-0.551,0.108,0.096,0.317,1.546,0.225,0.312,1.662,0.312,0.621,0.987,0.028,0.138,0.375,0,0,0,0,0.533,4,110,151.23,171,110,150.662,170,110,151.23,171,0,0,0,0,4280.165,5000
"random",20,6,0.395,0.661,0.836,-0.17,-0.179,79,110,-0.587,0.093,0.088,0.284,1.093,0.254,0.317,0.427,0.481,0.661,0.816,0.011,0.093,0.21,0,0,0,0,0.367,3,138,159.32,174,137,158.712,172,138,159.32,174,0,0,0,0,4508.869,5000
"random",20,7,0.473,0.697,0.841,-0.124,-0.123,79,69,-0.599,0.092,0.084,0.25,1.097,0.261,0.324,0.429,0.521,0.685,0.823,0.017,0.076,0.176,0,0,0,0,0.285,3,144,162.361,173,144,161.832,172,144,162.361,173,0,0,0,0,4597.506,5000
"random",20,8,0.461,0.708,0.87,-0.087,-0.072,79,110,-0.581,0.085,0.079,0.228,1.081,0.274,0.334,0.418,0.575,0.711,0.818,0.011,0.054,0.125,0,0,0,0,0.228,3,154,166.188,174,154,165.651,173,154,166.188,174,0,0,0,0,4705.994,5000
"random",20,9,0.507,0.722,0.861,-0.048,-0.031,79,69,-0.573,0.094,0.074,0.21,1.071,0.281,0.342,0.423,0.603,0.728,0.824,0.006,0.045,0.102,0,0,0,0,0.191,3,158,167.923,175,157,167.471,174,158,167.923,175,0,0,0,0,4757.693,5000
"random",30,3,-0.061,0.531,0.751,-0.282,-0.321,172,84,-0.502,1.888,0.108,0.474,6.351,0.195,0.522,2.902,0.292,0.717,0.997,0.045,0.207,0.438,0,0,0,0,0.836,9,96,138.712,167,95,138.086,166,96,138.712,167,0,0,0,0,3922.892,5000
"random",30,4,0.027,0.556,0.807,-0.218,-0.278,152,166,-0.453,3.114,0.096,0.472,7.78,0.209,0.704,3.266,0.454,0.79,0.998,0.023,0.128,0.335,0,0,0,0,0.17,4,116,153.241,172,115,152.596,172,116,153.241,172,0,0,0,0,4335.114,5000
"random",30,5,0.468,0.714,0.847,-0.205,-0.23,79,110,-0.424,0.135,0.084,0.292,0.917,0.222,0.294,0.453,0.545,0.735,0.89,0.011,0.096,0.29,0,0,0,0,0.313,4,125,158.763,174,124,158.168,173,125,158.763,174,0,0,0,0,4493.415,5000
"random",30,6,0.335,0.736,0.879,-0.154,-0.172,79,84,-0.418,0.514,0.077,0.278,3.596,0.238,0.363,2.14,0.618,0.774,0.995,0.006,0.064,0.17,0,0,0,0,0.134,3,146,164.651,175,145,164.048,173,146,164.651,175,0,0,0,0,4660.443,5000
"random",30,7,0.12,0.763,0.895,-0.104,-0.113,79,84,-0.407,0.467,0.068,0.257,3.135,0.247,0.394,2.1,0.658,0.795,0.995,0.006,0.048,0.131,0,0,0,0,0.044,1,153,167.453,175,153,166.925,173,153,167.453,175,0,0,0,0,4742.199,5000
"random",30,8,0.148,0.79,0.906,-0.065,-0.063,79,84,-0.373,0.31,0.062,0.212,2.635,0.26,0.368,2.033,0.696,0.804,0.995,0,0.036,0.085,0,0,0,0,0.031,2,161,169.677,176,161,169.208,174,161,169.677,176,0,0,0,0,4807.04,5000
"random",30,9,0.157,0.81,0.915,-0.024,-0.016,79,84,-0.343,0.241,0.051,0.186,2.474,0.272,0.367,2.017,0.726,0.814,0.995,0,0.029,0.068,0,0,0,0,0.022,1,164,170.958,176,164,170.594,174,164,170.958,176,0,0,0,0,4846.409,5000
"random",40,3,0.152,0.612,0.785,-0.307,-0.334,73,110,-0.558,0.07,0.097,0.398,1.915,0.17,0.298,1.772,0.309,0.738,0.994,0.028,0.182,0.432,0,0,0,0,0.742,8,100,143.213,171,99,142.581,169,100,143.213,171,0,0,0,0,4050.608,5000
"random",40,4,0.168,0.687,0.842,-0.247,-0.279,133,84,-0.412,0.701,0.085,0.373,4.301,0.202,0.398,2.453,0.568,0.789,0.997,0.017,0.11,0.324,0,0,0,0,0.275,5,116,156.309,173,115,155.672,172,116,156.309,173,0,0,0,0,4422.5,5000
"random",40,5,0.191,0.768,0.871,-0.201,-0.226,133,110,-0.361,0.169,0.079,0.287,2.218,0.223,0.303,1.603,0.666,0.796,0.994,0.011,0.072,0.25,0,0,0,0,0.155,3,132,163.093,174,132,162.462,173,132,163.093,174,0,0,0,0,4615.403,5000
"random",40,6,0.432,0.813,0.904,-0.153,-0.167,133,110,-0.302,0.135,0.069,0.228,0.761,0.235,0.293,1.455,0.713,0.812,0.992,0,0.048,0.131,0,0,0,0,0.087,2,153,167.544,176,152,166.951,174,153,167.544,176,0,0,0,0,4742.926,5000
"random",40,7,0.644,0.846,0.922,-0.104,-0.11,133,110,-0.257,0.11,0.06,0.185,0.678,0.252,0.3,0.404,0.757,0.826,0.905,0,0.034,0.097,0,0,0,0,0.041,2,159,169.899,176,159,169.387,174,159,169.899,176,0,0,0,0,4812.136,5000
"random",40,8,0.671,0.87,0.942,-0.059,-0.057,79,110,-0.241,0.082,0.053,0.148,0.66,0.255,0.306,0.366,0.766,0.837,0.887,0,0.026,0.074,0,0,0,0,0.02,1,163,171.471,176,163,171.047,174,163,171.471,176,0,0,0,0,4859.295,5000
"random",40,9,0.377,0.886,0.948,-0.017,-0.009,79,134,-0.205,0.078,0.038,0.124,0.858,0.266,0.313,1.451,0.79,0.845,0.993,0,0.021,0.057,0,0,0,0,0.008,1,166,172.355,176,166,172.094,174,166,172.355,176,0,0,0,0,4889.034,5000
"random",50,3,0.283,0.65,0.813,-0.309,-0.339,73,110,-0.522,0.11,0.087,0.384,0.802,0.183,0.277,0.459,0.533,0.778,0.925,0.011,0.163,0.403,0,0,0,0,0.575,9,104,146.66,174,104,146.043,172,104,146.66,174,0,0,0,0,4148.938,5000
"random",50,4,0.063,0.694,0.868,-0.237,-0.279,133,166,-0.404,2.101,0.075,0.392,6.534,0.204,0.498,2.812,0.665,0.836,0.998,0.006,0.091,0.295,0,0,0,0,0.041,3,123,159.981,175,122,159.308,173,123,159.981,175,0,0,0,0,4525.801,5000
"random",50,5,0.35,0.811,0.914,-0.198,-0.219,133,110,-0.323,0.164,0.073,0.28,2.013,0.223,0.304,2.164,0.735,0.832,0.997,0,0.057,0.205,0,0,0,0,0.079,2,140,165.813,176,140,165.175,174,140,165.813,176,0,0,0,0,4692.472,5000
"random",50,6,0.668,0.859,0.928,-0.148,-0.161,133,110,-0.258,0.13,0.066,0.211,0.565,0.238,0.285,0.386,0.778,0.843,0.916,0,0.037,0.108,0,0,0,0,0.038,2,156,169.479,176,156,168.869,174,156,169.479,176,0,0,0,0,4797.42,5000
"random",50,7,0.383,0.893,0.946,-0.098,-0.106,133,110,-0.194,0.088,0.056,0.167,0.73,0.249,0.293,1.458,0.803,0.855,0.994,0,0.026,0.08,0,0,0,0,0.006,1,162,171.443,176,162,170.928,174,162,171.443,176,0,0,0,0,4855.915,5000
"random",50,8,0.749,0.918,0.962,-0.052,-0.053,79,110,-0.144,0.058,0.047,0.122,0.467,0.259,0.296,0.354,0.822,0.863,0.905,0,0.019,0.045,0,0,0,0,0.004,1,168,172.592,176,168,172.218,174,168,172.592,176,0,0,0,0,4892.557,5000
"random",50,9,0.79,0.937,0.974,-0.009,-0.005,133,69,-0.099,0.052,0.027,0.089,0.439,0.265,0.301,0.344,0.832,0.869,0.9,0,0.016,0.04,0,0,0,0,0,1,169,173.14,176,169,172.973,174,169,173.14,176,0,0,0,0,4914.006,5000
"random",60,3,0.304,0.68,0.845,-0.31,-0.341,172,110,-0.5,0.146,0.076,0.383,1.447,0.182,0.279,1.725,0.609,0.81,0.996,0.017,0.15,0.409,0,0,0,0,0.447,7,104,149.106,173,103,148.499,171,104,149.106,173,0,0,0,0,4218.733,5000
"random",60,4,0.182,0.777,0.909,-0.253,-0.279,172,110,-0.388,0.183,0.068,0.334,2.113,0.205,0.304,2.297,0.725,0.838,0.998,0.006,0.08,0.295,0,0,0,0,0.146,3,121,161.736,175,121,161.055,173,121,161.736,175,0,0,0,0,4575.426,5000
"random",60,5,0.359,0.848,0.924,-0.198,-0.217,152,110,-0.291,0.16,0.067,0.262,1.232,0.223,0.282,1.546,0.782,0.853,0.995,0.006,0.047,0.17,0,0,0,0,0.057,2,146,167.698,175,145,167.028,174,146,167.698,175,0,0,0,0,4745.114,5000
"random",60,6,0.385,0.896,0.948,-0.145,-0.158,133,110,-0.217,0.107,0.062,0.2,0.832,0.239,0.281,1.487,0.817,0.864,0.995,0,0.03,0.091,0,0,0,0,0.013,1,159,170.766,176,158,170.16,174,159,170.766,176,0,0,0,0,4834.097,5000
"random",60,7,0.798,0.93,0.967,-0.094,-0.102,133,110,-0.152,0.068,0.054,0.144,0.33,0.253,0.284,0.369,0.841,0.874,0.926,0,0.02,0.068,0,0,0,0,0.002,1,164,172.426,176,164,171.923,174,164,172.426,176,0,0,0,0,4884.182,5000
"random",60,8,0.839,0.955,0.981,-0.048,-0.05,152,110,-0.095,0.038,0.043,0.098,0.286,0.26,0.289,0.345,0.854,0.881,0.917,0,0.015,0.045,0,0,0,0,0,1,168,173.351,176,168,173.016,174,168,173.351,176,0,0,0,0,4915.222,5000
"random",60,9,0.847,0.974,0.994,-0.004,-0.002,161,69,-0.045,0.026,0.017,0.057,0.251,0.265,0.293,0.321,0.861,0.886,0.905,0.006,0.014,0.028,0,0,0,0,0,0,171,173.589,175,171,173.537,174,171,173.589,175,0,0,0,0,4930.034,5000
"by order",14,3,0.265,0.524,0.655,-0.314,-0.317,123,79,-0.971,0.151,NA,NA,NA,0.241,0.348,0.432,0,0.457,0.662,0.111,0.246,0.382,0,0,0,1,2.952,9,83,123.333,150,83,122.5,150,83,123.333,150,0,8.833,46,NA,NA,NA
"by order",14,4,0.418,0.599,0.695,-0.264,-0.271,123,79,-0.917,0.959,NA,NA,NA,0.28,0.404,1.977,0.284,0.539,0.986,0.097,0.196,0.391,0,0,0,1,2.286,6,92,135.54,157,92,134.698,157,92,135.54,157,0,4.595,20,NA,NA,NA
"by order",14,5,0.55,0.641,0.699,-0.221,-0.22,123,84,-0.875,0.449,NA,NA,NA,0.283,0.352,0.452,0.345,0.567,0.743,0.08,0.162,0.302,0,0,0,1,1.952,4,116,143.389,160,115,142.587,160,116,143.389,160,0,2.5,9,NA,NA,NA
"by order",14,6,0.262,0.334,0.393,-0.015,-0.161,112,73,-0.84,17.763,NA,NA,NA,1.496,1.946,2.683,0.978,0.985,0.993,0.045,0.118,0.229,0,0,0,0,0.012,1,135,154.024,168,135,153.357,168,135,154.024,168,0,1.333,7,NA,NA,NA
"by order",14,7,0.655,0.691,0.731,-0.131,-0.122,112,84,-0.847,0.641,NA,NA,NA,0.344,0.364,0.403,0.586,0.629,0.699,0.08,0.114,0.165,0,0,0,1,1.444,3,145,154,161,145,153.306,161,145,154,161,0,0.639,3,NA,NA,NA
"by order",14,8,0.285,0.374,0.399,0.027,-0.082,112,73,-0.855,17.56,NA,NA,NA,1.485,1.63,2.083,0.978,0.981,0.989,0.062,0.08,0.108,0,0,0,0,0,0,157,161.667,165,157,160.889,164,157,161.667,165,0,0.222,2,NA,NA,NA
"by order",14,9,0.716,0.716,0.716,-0.042,-0.037,112,166,-0.859,0.807,NA,NA,NA,0.387,0.387,0.387,0.684,0.684,0.684,0.068,0.068,0.068,0,0,0,1,1,1,163,163,163,162,162,162,163,163,163,0,0,0,NA,NA,NA
"by order",20,3,0.336,0.608,0.728,-0.301,-0.288,112,175,-0.829,0.161,NA,NA,NA,0.261,0.337,0.45,0.386,0.614,0.793,0.114,0.228,0.359,0,0,0,0,1.762,7,91,130.821,154,91,130.036,154,91,130.821,154,0,4.476,31,NA,NA,NA
"by order",20,4,0.353,0.661,0.77,-0.25,-0.262,112,84,-0.835,2.381,NA,NA,NA,0.285,0.499,1.749,0.542,0.725,0.988,0.08,0.148,0.253,0,0,0,0,1,3,119,147.357,162,118,146.397,161,119,147.357,162,0,1.873,13,NA,NA,NA
"by order",20,5,0.44,0.725,0.774,-0.2,-0.196,112,84,-0.832,0.492,NA,NA,NA,0.317,0.367,1.586,0.652,0.725,0.986,0.062,0.131,0.259,0,0,0,0,0.706,3,128,151.476,164,127,150.429,164,128,151.476,164,0,0.802,5,NA,NA,NA
"by order",20,6,0.394,0.749,0.796,-0.161,-0.148,112,84,-0.832,0.804,NA,NA,NA,0.339,0.385,1.504,0.708,0.758,0.985,0.045,0.093,0.176,0,0,0,0,0.429,2,144,158.917,168,144,157.786,167,144,158.917,168,0,0.31,2,NA,NA,NA
"by order",20,7,0.718,0.769,0.799,-0.108,-0.097,112,84,-0.832,0.684,NA,NA,NA,0.356,0.379,0.415,0.743,0.772,0.81,0.045,0.084,0.136,0,0,0,0,0.25,1,152,160.917,168,152,159.694,166,152,160.917,168,0,0.083,1,NA,NA,NA
"by order",20,8,0.764,0.785,0.798,-0.072,-0.055,112,84,-0.822,0.745,NA,NA,NA,0.377,0.39,0.406,0.775,0.789,0.807,0.051,0.064,0.091,0,0,0,0,0.111,1,160,164.667,167,159,163.444,166,160,164.667,167,0,0,0,NA,NA,NA
"by order",20,9,0.798,0.798,0.798,-0.022,-0.006,112,84,-0.821,0.801,NA,NA,NA,0.397,0.397,0.397,0.801,0.801,0.801,0.057,0.057,0.057,0,0,0,0,0,0,166,166,166,165,165,165,166,166,166,0,0,0,NA,NA,NA
"by order",30,3,0.21,0.611,0.756,-0.295,-0.332,88,73,-0.796,1.631,NA,NA,NA,0.24,0.526,1.851,0.531,0.748,0.992,0.074,0.196,0.378,0,0,0,0,0.702,5,99,139.321,163,98,138.631,162,99,139.321,163,0,1.952,22,NA,NA,NA
"by order",30,4,0.094,0.611,0.799,-0.236,-0.273,88,166,-0.767,5.204,NA,NA,NA,0.26,0.647,1.661,0.645,0.807,0.991,0.04,0.119,0.273,0,0,0,0,0.127,3,127,154.405,169,126,153.532,167,127,154.405,169,0,0.587,7,NA,NA,NA
"by order",30,5,0.439,0.767,0.819,-0.207,-0.203,88,166,-0.748,0.426,NA,NA,NA,0.284,0.329,1.563,0.722,0.778,0.991,0.034,0.091,0.21,0,0,0,0,0.183,3,139,159.627,170,138,158.651,170,139,159.627,170,0,0.175,3,NA,NA,NA
"by order",30,6,0.727,0.804,0.843,-0.162,-0.15,88,166,-0.731,0.535,NA,NA,NA,0.295,0.327,0.382,0.752,0.796,0.852,0.028,0.063,0.131,0,0,0,0,0.083,1,153,164.726,171,152,163.738,170,153,164.726,171,0,0.036,1,NA,NA,NA
"by order",30,7,0.204,0.821,0.858,-0.113,-0.098,88,166,-0.712,1.111,NA,NA,NA,0.312,0.365,1.505,0.785,0.814,0.991,0.028,0.05,0.102,0,0,0,0,0,0,158,167.222,171,158,166.278,169,158,167.222,171,0,0,0,NA,NA,NA
"by order",30,8,0.826,0.849,0.863,-0.069,-0.05,88,166,-0.69,0.653,NA,NA,NA,0.326,0.34,0.36,0.807,0.822,0.842,0.028,0.038,0.057,0,0,0,0,0,0,166,169.333,171,165,168.222,169,166,169.333,171,0,0,0,NA,NA,NA
"by order",30,9,0.864,0.864,0.864,-0.027,-0.002,88,166,-0.663,0.66,NA,NA,NA,0.347,0.347,0.347,0.832,0.832,0.832,0.028,0.028,0.028,0,0,0,0,0,0,171,171,171,169,169,169,171,171,171,0,0,0,NA,NA,NA
"by order",40,3,0.299,0.664,0.781,-0.309,-0.325,88,110,-0.808,0.15,NA,NA,NA,0.227,0.313,1.763,0.616,0.763,0.994,0.051,0.174,0.378,0,0,0,0,0.702,6,104,144.012,166,103,143.25,165,104,144.012,166,0,0.845,14,NA,NA,NA
"by order",40,4,0.236,0.738,0.824,-0.252,-0.265,88,73,-0.794,0.4,NA,NA,NA,0.249,0.357,1.72,0.716,0.802,0.994,0.034,0.105,0.286,0,0,0,0,0.294,2,123,157.04,170,122,156.175,170,123,157.04,170,0,0.19,2,NA,NA,NA
"by order",40,5,0.709,0.801,0.855,-0.204,-0.201,88,166,-0.787,0.384,NA,NA,NA,0.266,0.301,0.408,0.767,0.815,0.9,0.023,0.067,0.199,0,0,0,0,0.175,2,141,163.937,172,140,163.016,172,141,163.937,172,0,0.056,1,NA,NA,NA
"by order",40,6,0.759,0.839,0.879,-0.152,-0.137,88,166,-0.78,0.487,NA,NA,NA,0.282,0.307,0.367,0.801,0.83,0.882,0.017,0.044,0.108,0,0,0,0,0.083,1,157,168.155,173,156,167.238,172,157,168.155,173,0,0.012,1,NA,NA,NA
"by order",40,7,0.812,0.868,0.895,-0.104,-0.09,88,166,-0.77,0.557,NA,NA,NA,0.295,0.313,0.352,0.823,0.841,0.875,0.017,0.031,0.074,0,0,0,0,0.028,1,163,170.444,173,163,169.556,172,163,170.444,173,0,0,0,NA,NA,NA
"by order",40,8,0.851,0.891,0.902,-0.058,-0.046,88,166,-0.756,0.593,NA,NA,NA,0.309,0.317,0.336,0.841,0.85,0.866,0.017,0.025,0.028,0,0,0,0,0,0,171,171.667,173,170,170.778,172,171,171.667,173,0,0,0,NA,NA,NA
"by order",40,9,0.909,0.909,0.909,-0.014,0.001,88,166,-0.737,0.593,NA,NA,NA,0.32,0.32,0.32,0.855,0.855,0.855,0.023,0.023,0.023,0,0,0,0,0,0,172,172,172,171,171,171,172,172,172,0,0,0,NA,NA,NA
"by order",50,3,0.409,0.691,0.788,-0.31,-0.334,88,110,-0.81,0.178,NA,NA,NA,0.223,0.287,0.452,0.682,0.796,0.923,0.023,0.165,0.369,0,0,0,0,0.452,4,108,146.345,171,108,145.679,169,108,146.345,171,0,0.25,9,NA,NA,NA
"by order",50,4,0.128,0.739,0.853,-0.244,-0.269,88,166,-0.799,1.947,NA,NA,NA,0.235,0.447,2.124,0.747,0.843,0.997,0.023,0.09,0.284,0,0,0,0,0.016,1,126,160.056,172,125,159.246,171,126,160.056,172,0,0.008,1,NA,NA,NA
"by order",50,5,0.734,0.837,0.882,-0.203,-0.203,88,110,-0.787,0.173,NA,NA,NA,0.258,0.291,0.403,0.803,0.842,0.919,0.017,0.055,0.176,0,0,0,0,0.048,1,145,166.31,173,144,165.492,171,145,166.31,173,0,0,0,NA,NA,NA
"by order",50,6,0.802,0.877,0.909,-0.15,-0.143,88,133,-0.776,0.157,NA,NA,NA,0.273,0.296,0.366,0.831,0.855,0.906,0.011,0.034,0.08,0,0,0,0,0.012,1,161,169.94,174,161,169.202,173,161,169.94,174,0,0,0,NA,NA,NA
"by order",50,7,0.865,0.906,0.93,-0.101,-0.091,88,133,-0.762,0.229,NA,NA,NA,0.287,0.303,0.35,0.851,0.866,0.9,0.011,0.023,0.051,0,0,0,0,0,0,167,171.972,174,167,171.25,173,167,171.972,174,0,0,0,NA,NA,NA
"by order",50,8,0.917,0.929,0.94,-0.055,-0.043,88,133,-0.747,0.292,NA,NA,NA,0.3,0.31,0.326,0.867,0.875,0.888,0.006,0.014,0.023,0,0,0,0,0,0,172,173.556,175,171,172.778,174,172,173.556,175,0,0,0,NA,NA,NA
"by order",50,9,0.947,0.947,0.947,-0.012,0,88,133,-0.725,0.349,NA,NA,NA,0.318,0.318,0.318,0.883,0.883,0.883,0.006,0.006,0.006,0,0,0,0,0,0,175,175,175,174,174,174,175,175,175,0,0,0,NA,NA,NA
"by order",60,3,0.39,0.694,0.811,-0.31,-0.339,88,110,-0.7,0.224,NA,NA,NA,0.209,0.276,0.433,0.702,0.815,0.93,0.023,0.148,0.352,0,0,0,0,0.381,4,112,149.548,172,111,148.929,170,112,149.548,172,0,0.06,3,NA,NA,NA
"by order",60,4,0.358,0.792,0.886,-0.254,-0.273,88,110,-0.657,0.226,NA,NA,NA,0.22,0.293,1.662,0.762,0.841,0.996,0.011,0.077,0.261,0,0,0,0,0.119,1,129,162.349,174,129,161.659,173,129,162.349,174,0,0,0,NA,NA,NA
"by order",60,5,0.751,0.859,0.926,-0.2,-0.209,88,110,-0.599,0.137,NA,NA,NA,0.243,0.277,0.377,0.816,0.855,0.924,0.006,0.043,0.136,0,0,0,0,0.048,1,152,168.452,175,151,167.794,173,152,168.452,175,0,0,0,NA,NA,NA
"by order",60,6,0.822,0.906,0.942,-0.145,-0.148,88,110,-0.543,0.082,NA,NA,NA,0.254,0.281,0.354,0.839,0.867,0.917,0.006,0.026,0.068,0,0,0,0,0.012,1,163,171.381,175,163,170.774,174,163,171.381,175,0,0,0,NA,NA,NA
"by order",60,7,0.889,0.939,0.961,-0.094,-0.093,88,133,-0.489,0.142,NA,NA,NA,0.27,0.287,0.336,0.861,0.877,0.911,0.006,0.017,0.051,0,0,0,0,0,0,167,173.056,175,167,172.444,174,167,173.056,175,0,0,0,NA,NA,NA
"by order",60,8,0.951,0.964,0.976,-0.047,-0.042,88,133,-0.439,0.205,NA,NA,NA,0.284,0.293,0.313,0.877,0.884,0.899,0,0.011,0.017,0,0,0,0,0,0,173,174,176,173,173.444,174,173,174,176,0,0,0,NA,NA,NA
"by order",60,9,0.982,0.982,0.982,-0.004,0.001,88,133,-0.394,0.261,NA,NA,NA,0.296,0.296,0.296,0.889,0.889,0.889,0.011,0.011,0.011,0,0,0,0,0,0,174,174,174,174,174,174,174,174,174,0,0,0,NA,NA,NA
"by order",70,3,0.347,0.699,0.804,-0.306,-0.34,172,84,-0.502,0.4,NA,NA,NA,0.198,0.332,1.749,0.718,0.835,0.996,0.017,0.138,0.358,0,0,0,0,0.321,4,113,151.476,173,112,150.881,171,113,151.476,173,0,0,0,NA,NA,NA
"by order",70,4,0.118,0.772,0.898,-0.243,-0.28,172,166,-0.386,1.921,NA,NA,NA,0.215,0.413,1.692,0.786,0.868,0.997,0.011,0.071,0.261,0,0,0,0,0.016,1,129,163.571,174,129,162.849,172,129,163.571,174,0,0,0,NA,NA,NA
"by order",70,5,0.143,0.866,0.931,-0.193,-0.216,172,166,-0.282,0.663,NA,NA,NA,0.233,0.325,1.521,0.83,0.874,0.996,0.006,0.039,0.131,0,0,0,0,0,0,153,169.143,175,152,168.437,173,153,169.143,175,0,0,0,NA,NA,NA
"by order",70,6,0.847,0.924,0.956,-0.143,-0.154,172,110,-0.195,0.088,NA,NA,NA,0.247,0.273,0.343,0.854,0.88,0.924,0.006,0.025,0.074,0,0,0,0,0.012,1,162,171.643,175,162,171.036,174,162,171.643,175,0,0,0,NA,NA,NA
"by order",70,7,0.917,0.958,0.976,-0.091,-0.099,172,110,-0.122,0.05,NA,NA,NA,0.26,0.279,0.33,0.873,0.889,0.921,0,0.016,0.045,0,0,0,0,0,0,168,173.139,176,168,172.611,174,168,173.139,176,0,0,0,NA,NA,NA
"by order",70,8,0.972,0.982,0.99,-0.044,-0.047,172,110,-0.057,0.022,NA,NA,NA,0.275,0.284,0.304,0.888,0.895,0.908,0,0.012,0.017,0,0,0,0,0,0,173,173.889,176,173,173.556,174,173,173.889,176,0,0,0,NA,NA,NA
"by order",70,9,NA,NA,NA,0,0,1,1,0,0,NA,NA,NA,0.288,0.288,0.288,0.9,0.9,0.9,0.011,0.011,0.011,0,0,0,0,0,0,174,174,174,174,174,174,174,174,174,0,0,0,NA,NA,NA
