"group","n_occasions","n_items","diff_ICC_sim_mean","diff_ICC_sim_var","diff_ICC_MCSE","diff_ICC.z_sim_mean","diff_ICC.z_sim_var","diff_ICC.z_MCSE","cor_ICC_sim_mean","cor_ICC_sim_var","cor_ICC_MCSE","cor_ICC.z_sim_mean","cor_ICC.z_sim_var","cor_ICC.z_MCSE","RMSE_ICC_sim_mean","RMSE_ICC_sim_var","RMSE_ICC_MCSE","RMSE_ICC.z_sim_mean","RMSE_ICC.z_sim_var","RMSE_ICC.z_MCSE","rel_sim_mean","rel_sim_var","rel_MCSE","sd_ICC_sim_mean","sd_ICC_sim_var","sd_ICC_MCSE","sd_ICC.z_sim_mean","sd_ICC.z_sim_var","sd_ICC.z_MCSE","percnegICC_sim_mean","percnegICC_sim_var","percnegICC_MCSE","N_rel_sim_mean","N_rel_sim_var","N_rel_MCSE"
"high NED",14,5,-0.055,0,0,-0.443,0.001,0.001,0.364,0.016,0.004,0.36,0.017,0.004,0.116,0,0,0.491,0.001,0.001,0.05,0.008,0.003,0.11,0,0,0.223,0.001,0.001,0.225,0.004,0.002,36,0,0
"high NED",14,10,-0.019,0,0,-0.215,0.001,0.001,0.422,0.013,0.004,0.434,0.014,0.004,0.091,0,0,0.32,0.001,0.001,0.291,0.025,0.005,0.098,0,0,0.263,0.001,0.001,0.058,0.001,0.001,36,0,0
"high NED",14,15,-0.01,0,0,-0.06,0.001,0.001,0.482,0.012,0.004,0.481,0.013,0.004,0.074,0,0,0.239,0.001,0.001,0.32,0.021,0.005,0.083,0,0,0.264,0.001,0.001,0.021,0.001,0.001,36,0,0
"high NED",20,5,-0.053,0,0,-0.435,0.001,0.001,0.413,0.014,0.004,0.407,0.014,0.004,0.103,0,0,0.472,0.001,0.001,0.103,0.014,0.004,0.097,0,0,0.195,0,0.001,0.178,0.003,0.002,36,0,0
"high NED",20,10,-0.015,0,0,-0.196,0.001,0.001,0.474,0.01,0.003,0.482,0.01,0.003,0.078,0,0,0.282,0.001,0.001,0.384,0.021,0.005,0.087,0,0,0.231,0.001,0.001,0.029,0.001,0.001,36,0,0
"high NED",20,15,-0.007,0,0,-0.043,0.001,0.001,0.563,0.009,0.003,0.558,0.01,0.003,0.061,0,0,0.195,0.001,0.001,0.399,0.018,0.004,0.073,0,0,0.23,0.001,0.001,0.007,0,0,36,0,0
"high NED",30,5,-0.053,0,0,-0.43,0,0.001,0.47,0.01,0.003,0.463,0.01,0.003,0.09,0,0,0.457,0,0.001,0.175,0.017,0.004,0.083,0,0,0.167,0,0.001,0.127,0.002,0.002,36,0,0
"high NED",30,10,-0.013,0,0,-0.183,0.001,0.001,0.562,0.007,0.003,0.569,0.007,0.003,0.063,0,0,0.245,0.001,0.001,0.468,0.012,0.003,0.075,0,0,0.199,0,0.001,0.011,0,0.001,36,0,0
"high NED",30,15,-0.004,0,0,-0.025,0.001,0.001,0.67,0.006,0.002,0.663,0.007,0.003,0.046,0,0,0.146,0,0.001,0.454,0.012,0.004,0.062,0,0,0.193,0,0.001,0.001,0,0,36,0,0
"high NED",40,5,-0.052,0,0,-0.426,0,0,0.518,0.007,0.003,0.508,0.007,0.003,0.082,0,0,0.448,0,0,0.25,0.015,0.004,0.075,0,0,0.151,0,0,0.095,0.002,0.001,36,0,0
"high NED",40,10,-0.011,0,0,-0.172,0,0.001,0.633,0.005,0.002,0.643,0.005,0.002,0.053,0,0,0.219,0,0.001,0.504,0.009,0.003,0.067,0,0,0.176,0,0.001,0.003,0,0,36,0,0
"high NED",40,15,-0.002,0,0,-0.014,0,0.001,0.762,0.004,0.002,0.756,0.005,0.002,0.035,0,0,0.111,0,0.001,0.478,0.01,0.003,0.055,0,0,0.169,0,0.001,0,0,0,36,0,0
"high NED",50,5,-0.051,0,0,-0.423,0,0,0.558,0.004,0.002,0.546,0.004,0.002,0.077,0,0,0.441,0,0,0.307,0.009,0.003,0.069,0,0,0.14,0,0,0.075,0.001,0.001,36,0,0
"high NED",50,10,-0.01,0,0,-0.166,0,0,0.697,0.003,0.002,0.71,0.003,0.002,0.045,0,0,0.2,0,0,0.527,0.006,0.003,0.061,0,0,0.16,0,0,0.001,0,0,36,0,0
"high NED",50,15,-0.001,0,0,-0.008,0,0,0.849,0.003,0.002,0.844,0.003,0.002,0.026,0,0,0.081,0,0.001,0.488,0.007,0.003,0.049,0,0,0.151,0,0,0,0,0,36,0,0
"high NED",60,5,-0.051,0,0,-0.421,0,0,0.591,0.002,0.001,0.576,0.002,0.001,0.073,0,0,0.438,0,0,0.354,0.004,0.002,0.065,0,0,0.131,0,0,0.06,0,0.001,36,0,0
"high NED",60,10,-0.008,0,0,-0.16,0,0,0.756,0.001,0.001,0.774,0.001,0.001,0.037,0,0,0.185,0,0,0.537,0.003,0.002,0.056,0,0,0.147,0,0,0,0,0,36,0,0
"high NED",60,15,-0.001,0,0,-0.004,0,0,0.929,0.001,0.001,0.926,0.001,0.001,0.017,0,0,0.052,0,0,0.502,0.004,0.002,0.046,0,0,0.139,0,0,0,0,0,36,0,0
"low NED",14,5,-0.083,0,0.001,-0.602,0.002,0.001,0.292,0.033,0.006,0.278,0.036,0.006,0.18,0,0.001,0.665,0.002,0.001,0.349,0.019,0.004,0.167,0,0,0.291,0.001,0.001,0.021,0.001,0.001,37,0,0
"low NED",14,10,-0.042,0,0.001,-0.271,0.002,0.001,0.286,0.038,0.006,0.259,0.045,0.007,0.154,0,0.001,0.408,0.002,0.001,0.497,0.013,0.004,0.154,0,0,0.313,0.001,0.001,0.004,0,0,37,0,0
"low NED",14,15,-0.032,0,0.001,-0.079,0.002,0.001,0.248,0.04,0.006,0.2,0.049,0.007,0.141,0,0.001,0.309,0.002,0.002,0.463,0.017,0.004,0.138,0,0,0.298,0.001,0.001,0.002,0,0,37,0,0
"low NED",20,5,-0.074,0,0.001,-0.587,0.001,0.001,0.358,0.037,0.006,0.344,0.041,0.006,0.158,0,0.001,0.635,0.001,0.001,0.447,0.012,0.003,0.15,0,0,0.258,0.001,0.001,0.009,0,0,37,0,0
"low NED",20,10,-0.034,0,0.001,-0.251,0.001,0.001,0.358,0.042,0.006,0.331,0.05,0.007,0.131,0,0.001,0.359,0.002,0.001,0.552,0.01,0.003,0.136,0,0,0.271,0.001,0.001,0.001,0,0,37,0,0
"low NED",20,15,-0.023,0,0.001,-0.055,0.001,0.001,0.338,0.048,0.007,0.292,0.059,0.008,0.118,0,0.001,0.253,0.002,0.001,0.51,0.012,0.003,0.121,0,0,0.255,0.001,0.001,0,0,0,37,0,0
"low NED",30,5,-0.066,0,0,-0.571,0.001,0.001,0.467,0.045,0.007,0.454,0.051,0.007,0.135,0,0.001,0.606,0.001,0.001,0.547,0.006,0.002,0.135,0,0,0.227,0,0.001,0.002,0,0,37,0,0
"low NED",30,10,-0.022,0,0,-0.226,0.001,0.001,0.486,0.052,0.007,0.462,0.061,0.008,0.104,0,0.001,0.302,0.002,0.001,0.604,0.007,0.003,0.118,0,0,0.23,0.001,0.001,0,0,0,37,0,0
"low NED",30,15,-0.015,0,0,-0.034,0.001,0.001,0.474,0.066,0.008,0.432,0.082,0.009,0.093,0,0.001,0.195,0.003,0.002,0.557,0.008,0.003,0.104,0,0,0.214,0,0.001,0,0,0,37,0,0
"low NED",40,5,-0.063,0,0,-0.566,0,0.001,0.53,0.046,0.007,0.517,0.052,0.007,0.121,0,0.001,0.593,0.001,0.001,0.607,0.003,0.002,0.125,0,0,0.209,0,0,0.001,0,0,37,0,0
"low NED",40,10,-0.017,0,0,-0.213,0.001,0.001,0.595,0.054,0.007,0.574,0.064,0.008,0.085,0,0.001,0.269,0.002,0.001,0.632,0.005,0.002,0.106,0,0,0.205,0,0.001,0,0,0,37,0,0
"low NED",40,15,-0.01,0,0,-0.022,0.001,0.001,0.585,0.073,0.009,0.547,0.092,0.01,0.074,0.001,0.001,0.154,0.003,0.002,0.572,0.006,0.003,0.092,0,0,0.187,0,0.001,0,0,0,37,0,0
"low NED",50,5,-0.059,0,0,-0.558,0,0.001,0.64,0.037,0.006,0.632,0.042,0.007,0.107,0,0.001,0.578,0.001,0.001,0.652,0.002,0.001,0.119,0,0,0.197,0,0,0,0,0,37,0,0
"low NED",50,10,-0.013,0,0,-0.205,0,0.001,0.708,0.049,0.007,0.692,0.058,0.008,0.067,0,0.001,0.242,0.001,0.001,0.649,0.003,0.002,0.098,0,0,0.186,0,0,0,0,0,37,0,0
"low NED",50,15,-0.006,0,0,-0.013,0,0.001,0.716,0.069,0.008,0.686,0.089,0.009,0.055,0.001,0.001,0.113,0.003,0.002,0.577,0.005,0.002,0.084,0,0,0.167,0,0,0,0,0,37,0,0
"low NED",60,5,-0.056,0,0,-0.553,0,0,0.719,0.023,0.005,0.713,0.026,0.005,0.096,0,0,0.568,0,0.001,0.681,0.001,0.001,0.113,0,0,0.187,0,0,0,0,0,37,0,0
"low NED",60,10,-0.01,0,0,-0.199,0,0,0.819,0.032,0.006,0.81,0.039,0.006,0.05,0,0.001,0.221,0.001,0.001,0.657,0.002,0.001,0.091,0,0,0.17,0,0,0,0,0,37,0,0
"low NED",60,15,-0.003,0,0,-0.006,0,0,0.851,0.049,0.007,0.834,0.064,0.008,0.034,0.001,0.001,0.07,0.003,0.002,0.568,0.004,0.002,0.077,0,0,0.149,0,0,0,0,0,37,0,0
"medium NED",14,5,-0.075,0,0.001,-0.55,0.001,0.001,0.101,0.027,0.005,0.099,0.027,0.005,0.154,0,0,0.605,0.001,0.001,0.157,0.023,0.005,0.133,0,0.001,0.25,0.001,0.001,0.087,0.002,0.001,36,0,0
"medium NED",14,10,-0.03,0,0.001,-0.249,0.002,0.001,0.156,0.03,0.005,0.146,0.029,0.005,0.119,0,0,0.359,0.001,0.001,0.276,0.026,0.005,0.116,0,0.001,0.26,0.001,0.001,0.009,0,0,36,0,0
"medium NED",14,15,-0.014,0,0.001,-0.054,0.001,0.001,0.243,0.03,0.005,0.228,0.029,0.005,0.097,0,0,0.239,0.001,0.001,0.196,0.026,0.005,0.099,0,0,0.239,0.001,0.001,0.001,0,0,36,0,0
"medium NED",20,5,-0.071,0,0.001,-0.537,0.001,0.001,0.146,0.029,0.005,0.144,0.028,0.005,0.135,0,0,0.578,0.001,0.001,0.203,0.026,0.005,0.115,0,0,0.213,0.001,0.001,0.051,0.001,0.001,36,0,0
"medium NED",20,10,-0.024,0,0,-0.23,0.001,0.001,0.219,0.025,0.005,0.208,0.025,0.005,0.102,0,0,0.316,0.001,0.001,0.322,0.027,0.005,0.101,0,0,0.221,0.001,0.001,0.003,0,0,36,0,0
"medium NED",20,15,-0.01,0,0,-0.036,0.001,0.001,0.315,0.028,0.005,0.297,0.029,0.005,0.08,0,0,0.193,0.001,0.001,0.217,0.026,0.005,0.083,0,0,0.198,0.001,0.001,0,0,0,36,0,0
"medium NED",30,5,-0.068,0,0,-0.528,0.001,0.001,0.212,0.027,0.005,0.21,0.027,0.005,0.115,0,0,0.555,0,0.001,0.217,0.026,0.005,0.095,0,0,0.173,0.001,0.001,0.022,0.001,0.001,36,0,0
"medium NED",30,10,-0.021,0,0,-0.215,0.001,0.001,0.312,0.025,0.005,0.304,0.025,0.005,0.082,0,0,0.275,0.001,0.001,0.346,0.024,0.005,0.084,0,0,0.18,0,0.001,0,0,0,36,0,0
"medium NED",30,15,-0.005,0,0,-0.02,0,0.001,0.433,0.023,0.005,0.413,0.023,0.005,0.06,0,0,0.143,0,0.001,0.189,0.025,0.005,0.067,0,0,0.156,0,0.001,0,0,0,36,0,0
"medium NED",40,5,-0.066,0,0,-0.522,0,0.001,0.267,0.024,0.005,0.268,0.023,0.005,0.102,0,0,0.542,0,0.001,0.185,0.025,0.005,0.08,0,0,0.145,0,0.001,0.01,0,0,36,0,0
"medium NED",40,10,-0.019,0,0,-0.208,0,0.001,0.408,0.02,0.005,0.401,0.021,0.005,0.068,0,0,0.25,0,0.001,0.327,0.021,0.005,0.071,0,0,0.152,0,0.001,0,0,0,36,0,0
"medium NED",40,15,-0.003,0,0,-0.012,0,0.001,0.556,0.019,0.004,0.538,0.021,0.005,0.046,0,0,0.107,0,0.001,0.129,0.019,0.004,0.055,0,0,0.127,0,0.001,0,0,0,36,0,0
"medium NED",50,5,-0.065,0,0,-0.519,0,0,0.328,0.017,0.004,0.329,0.017,0.004,0.093,0,0,0.533,0,0,0.142,0.018,0.004,0.069,0,0,0.125,0,0,0.004,0,0,36,0,0
"medium NED",50,10,-0.017,0,0,-0.203,0,0,0.485,0.015,0.004,0.483,0.017,0.004,0.057,0,0,0.233,0,0.001,0.301,0.016,0.004,0.062,0,0,0.132,0,0,0,0,0,36,0,0
"medium NED",50,15,-0.002,0,0,-0.006,0,0,0.677,0.014,0.004,0.661,0.017,0.004,0.034,0,0,0.079,0,0.001,0.069,0.012,0.004,0.046,0,0,0.105,0,0,0,0,0,36,0,0
"medium NED",60,5,-0.065,0,0,-0.517,0,0,0.382,0.009,0.003,0.385,0.009,0.003,0.086,0,0,0.527,0,0,0.098,0.01,0.003,0.061,0,0,0.11,0,0,0.001,0,0,36,0,0
"medium NED",60,10,-0.016,0,0,-0.198,0,0,0.566,0.008,0.003,0.57,0.01,0.003,0.047,0,0,0.219,0,0,0.243,0.012,0.003,0.055,0,0,0.115,0,0,0,0,0,36,0,0
"medium NED",60,15,-0.001,0,0,-0.002,0,0,0.823,0.012,0.003,0.812,0.015,0.004,0.021,0,0,0.05,0,0.001,0.019,0.003,0.002,0.039,0,0,0.087,0,0,0,0,0,36,0,0
