"group","occasions_drawn","n_occasions","n_items","cor_ICC.z_min","cor_ICC.z_mean","cor_ICC.z_max","min_diff_ICC.z_min","mean_diff_ICC.z_mean","max_diff_ICC.z_max","RMSE_ICC.z_min","RMSE_ICC.z_mean","RMSE_ICC.z_max","sd_ICC.z_min","sd_ICC.z_mean","sd_ICC.z_max","rel_min","rel_mean","rel_max","negICC_min","negICC_mean","negICC_max","estimationProbNeg_min","estimationProbNeg_mean","estimationProbNeg_max","estimationProbPos_min","estimationProbPos_mean","estimationProbPos_max","N_rel_min","N_rel_mean","N_rel_max","N_valid_ICC.z_min","N_valid_ICC.z_mean","N_valid_ICC.z_max"
"high NED","random",14,5,-0.163,0.367,0.689,-1.354,-0.443,0.736,0.403,0.491,0.572,0.145,0.223,0.315,0,0.05,0.46,2,8.085,16,0,0,0,0,0,0,36,36,36,36,36,36
"high NED","random",14,10,0.028,0.441,0.77,-1.36,-0.215,1.006,0.214,0.32,0.438,0.16,0.263,0.374,0,0.291,0.659,0,2.074,6,0,0,0,0,0,0,36,36,36,36,36,36
"high NED","random",14,15,-0.014,0.489,0.767,-1.261,-0.06,1.207,0.151,0.239,0.345,0.171,0.264,0.366,0,0.32,0.657,0,0.755,5,0,0,0,0,0,0,36,36,36,36,36,36
"high NED","random",20,5,-0.005,0.414,0.719,-1.146,-0.435,0.729,0.401,0.472,0.544,0.141,0.195,0.284,0,0.103,0.558,1,6.403,14,0,0,0,0,0,0,36,36,36,36,36,36
"high NED","random",20,10,0.191,0.489,0.785,-0.932,-0.196,0.762,0.196,0.282,0.369,0.164,0.231,0.32,0,0.384,0.691,0,1.055,6,0,0,0,0,0,0,36,36,36,36,36,36
"high NED","random",20,15,0.196,0.567,0.805,-0.951,-0.043,0.866,0.13,0.195,0.278,0.156,0.23,0.313,0,0.399,0.687,0,0.27,3,0,0,0,0,0,0,36,36,36,36,36,36
"high NED","random",30,5,-0.019,0.469,0.755,-0.984,-0.43,0.169,0.399,0.457,0.52,0.111,0.167,0.219,0,0.175,0.523,0,4.573,11,0,0,0,0,0,0,36,36,36,36,36,36
"high NED","random",30,10,0.277,0.575,0.803,-0.839,-0.183,0.505,0.185,0.245,0.317,0.128,0.199,0.272,0,0.468,0.725,0,0.406,3,0,0,0,0,0,0,36,36,36,36,36,36
"high NED","random",30,15,0.409,0.671,0.876,-0.81,-0.025,0.472,0.089,0.146,0.21,0.131,0.193,0.265,0,0.454,0.719,0,0.037,1,0,0,0,0,0,0,36,36,36,36,36,36
"high NED","random",40,5,0.179,0.513,0.758,-0.935,-0.426,0.041,0.401,0.448,0.495,0.114,0.151,0.205,0,0.25,0.598,0,3.435,11,0,0,0,0,0,0,36,36,36,36,36,36
"high NED","random",40,10,0.412,0.649,0.835,-0.702,-0.172,0.378,0.151,0.219,0.284,0.129,0.176,0.236,0.095,0.504,0.731,0,0.12,2,0,0,0,0,0,0,36,36,36,36,36,36
"high NED","random",40,15,0.496,0.764,0.923,-0.717,-0.014,0.373,0.065,0.111,0.185,0.128,0.169,0.218,0.12,0.478,0.696,0,0.002,1,0,0,0,0,0,0,36,36,36,36,36,36
"high NED","random",50,5,0.316,0.549,0.724,-0.832,-0.423,-0.022,0.406,0.441,0.483,0.105,0.14,0.172,0,0.307,0.546,0,2.688,7,0,0,0,0,0,0,36,36,36,36,36,36
"high NED","random",50,10,0.488,0.714,0.841,-0.679,-0.166,0.249,0.158,0.2,0.256,0.113,0.16,0.197,0.07,0.527,0.695,0,0.028,1,0,0,0,0,0,0,36,36,36,36,36,36
"high NED","random",50,15,0.548,0.853,0.959,-0.656,-0.008,0.3,0.042,0.081,0.143,0.113,0.151,0.191,0.102,0.488,0.685,0,0,0,0,0,0,0,0,0,36,36,36,36,36,36
"high NED","random",60,5,0.448,0.577,0.729,-0.796,-0.421,-0.045,0.416,0.438,0.467,0.108,0.131,0.153,0.053,0.354,0.524,0,2.165,5,0,0,0,0,0,0,36,36,36,36,36,36
"high NED","random",60,10,0.655,0.777,0.88,-0.632,-0.16,0.204,0.161,0.185,0.224,0.116,0.147,0.177,0.267,0.537,0.686,0,0.003,1,0,0,0,0,0,0,36,36,36,36,36,36
"high NED","random",60,15,0.724,0.934,0.99,-0.498,-0.004,0.171,0.021,0.052,0.111,0.112,0.139,0.176,0.241,0.502,0.694,0,0,0,0,0,0,0,0,0,36,36,36,36,36,36
"high NED","by order",14,5,0.142,0.142,0.142,-0.871,-0.463,0.154,0.53,0.53,0.53,0.247,0.247,0.247,0.125,0.125,0.125,8,8,8,0,0,0,0,0,0,36,36,36,36,36,36
"high NED","by order",14,10,0.396,0.396,0.396,-0.624,-0.16,0.376,0.296,0.296,0.296,0.274,0.274,0.274,0.365,0.365,0.365,2,2,2,0,0,0,0,0,0,36,36,36,36,36,36
"high NED","by order",14,15,0.463,0.463,0.463,-0.503,0.018,0.502,0.233,0.233,0.233,0.266,0.266,0.266,0.351,0.351,0.351,0,0,0,0,0,0,0,0,0,36,36,36,36,36,36
"high NED","by order",20,5,0.235,0.235,0.235,-0.791,-0.461,0.06,0.508,0.508,0.508,0.206,0.206,0.206,0.16,0.16,0.16,7,7,7,0,0,0,0,0,0,36,36,36,36,36,36
"high NED","by order",20,10,0.496,0.496,0.496,-0.522,-0.159,0.188,0.251,0.251,0.251,0.226,0.226,0.226,0.377,0.377,0.377,2,2,2,0,0,0,0,0,0,36,36,36,36,36,36
"high NED","by order",20,15,0.607,0.607,0.607,-0.362,0.019,0.333,0.165,0.165,0.165,0.21,0.21,0.21,0.304,0.304,0.304,0,0,0,0,0,0,0,0,0,36,36,36,36,36,36
"high NED","by order",30,5,0.393,0.393,0.393,-0.801,-0.46,-0.106,0.494,0.494,0.494,0.189,0.189,0.189,0.355,0.355,0.355,8,8,8,0,0,0,0,0,0,36,36,36,36,36,36
"high NED","by order",30,10,0.634,0.634,0.634,-0.523,-0.175,0.195,0.24,0.24,0.24,0.214,0.214,0.214,0.556,0.556,0.556,0,0,0,0,0,0,0,0,0,36,36,36,36,36,36
"high NED","by order",30,15,0.771,0.771,0.771,-0.212,-0.004,0.229,0.12,0.12,0.12,0.189,0.189,0.189,0.448,0.448,0.448,0,0,0,0,0,0,0,0,0,36,36,36,36,36,36
"high NED","by order",40,5,0.415,0.415,0.415,-0.774,-0.457,-0.079,0.484,0.484,0.484,0.167,0.167,0.167,0.395,0.395,0.395,6,6,6,0,0,0,0,0,0,36,36,36,36,36,36
"high NED","by order",40,10,0.645,0.645,0.645,-0.535,-0.17,0.117,0.223,0.223,0.223,0.191,0.191,0.191,0.589,0.589,0.589,0,0,0,0,0,0,0,0,0,36,36,36,36,36,36
"high NED","by order",40,15,0.77,0.77,0.77,-0.253,-0.007,0.21,0.109,0.109,0.109,0.173,0.173,0.173,0.514,0.514,0.514,0,0,0,0,0,0,0,0,0,36,36,36,36,36,36
"high NED","by order",50,5,0.491,0.491,0.491,-0.679,-0.447,-0.123,0.47,0.47,0.47,0.156,0.156,0.156,0.446,0.446,0.446,5,5,5,0,0,0,0,0,0,36,36,36,36,36,36
"high NED","by order",50,10,0.694,0.694,0.694,-0.55,-0.159,0.122,0.2,0.2,0.2,0.171,0.171,0.171,0.593,0.593,0.593,0,0,0,0,0,0,0,0,0,36,36,36,36,36,36
"high NED","by order",50,15,0.807,0.807,0.807,-0.291,-0.003,0.184,0.092,0.092,0.092,0.159,0.159,0.159,0.544,0.544,0.544,0,0,0,0,0,0,0,0,0,36,36,36,36,36,36
"high NED","by order",60,5,0.55,0.55,0.55,-0.697,-0.427,-0.173,0.446,0.446,0.446,0.141,0.141,0.141,0.439,0.439,0.439,3,3,3,0,0,0,0,0,0,36,36,36,36,36,36
"high NED","by order",60,10,0.799,0.799,0.799,-0.297,-0.161,0.009,0.184,0.184,0.184,0.15,0.15,0.15,0.56,0.56,0.56,0,0,0,0,0,0,0,0,0,36,36,36,36,36,36
"high NED","by order",60,15,0.936,0.936,0.936,-0.17,-0.007,0.106,0.05,0.05,0.05,0.143,0.143,0.143,0.535,0.535,0.535,0,0,0,0,0,0,0,0,0,36,36,36,36,36,36
"high NED","by order",70,5,0.6,0.6,0.6,-0.655,-0.42,-0.188,0.434,0.434,0.434,0.125,0.125,0.125,0.399,0.399,0.399,2,2,2,0,0,0,0,0,0,36,36,36,36,36,36
"high NED","by order",70,10,0.833,0.833,0.833,-0.264,-0.157,0.011,0.175,0.175,0.175,0.137,0.137,0.137,0.549,0.549,0.549,0,0,0,0,0,0,0,0,0,36,36,36,36,36,36
"high NED","by order",70,15,NA,NA,NA,NA,NA,NA,NA,NA,NA,0.128,0.128,0.128,0.506,0.506,0.506,0,0,0,0,0,0,0,0,0,36,36,36,36,36,36
"low NED","random",14,5,-0.213,0.292,0.77,-2.036,-0.602,1.096,0.522,0.665,0.792,0.211,0.291,0.413,0,0.349,0.686,0,0.781,5,0,0,0,0,0,0,37,37,37,37,37,37
"low NED","random",14,10,-0.273,0.276,0.802,-2.114,-0.271,1.147,0.273,0.408,0.555,0.214,0.313,0.469,0,0.497,0.784,0,0.16,3,0,0,0,0,0,0,37,37,37,37,37,37
"low NED","random",14,15,-0.362,0.216,0.834,-1.97,-0.079,0.917,0.148,0.309,0.461,0.197,0.298,0.417,0,0.463,0.736,0,0.08,2,0,0,0,0,0,0,37,37,37,37,37,37
"low NED","random",20,5,-0.119,0.365,0.797,-1.921,-0.587,0.476,0.518,0.635,0.738,0.19,0.258,0.347,0.008,0.447,0.704,0,0.317,3,0,0,0,0,0,0,37,37,37,37,37,37
"low NED","random",20,10,-0.205,0.355,0.832,-1.881,-0.251,0.73,0.231,0.359,0.483,0.186,0.271,0.384,0.085,0.552,0.785,0,0.055,1,0,0,0,0,0,0,37,37,37,37,37,37
"low NED","random",20,15,-0.258,0.32,0.84,-1.824,-0.055,0.841,0.137,0.253,0.403,0.179,0.255,0.351,0.05,0.51,0.752,0,0.018,1,0,0,0,0,0,0,37,37,37,37,37,37
"low NED","random",30,5,0.001,0.488,0.852,-1.777,-0.571,0.197,0.513,0.606,0.695,0.17,0.227,0.293,0.204,0.547,0.733,0,0.088,2,0,0,0,0,0,0,37,37,37,37,37,37
"low NED","random",30,10,-0.099,0.505,0.865,-1.675,-0.226,0.624,0.198,0.302,0.406,0.154,0.23,0.301,0.136,0.604,0.775,0,0.007,1,0,0,0,0,0,0,37,37,37,37,37,37
"low NED","random",30,15,-0.138,0.487,0.865,-1.64,-0.034,0.577,0.1,0.195,0.334,0.155,0.214,0.289,0.184,0.557,0.764,0,0.002,1,0,0,0,0,0,0,37,37,37,37,37,37
"low NED","random",40,5,0.062,0.556,0.858,-1.699,-0.566,0.115,0.528,0.593,0.66,0.166,0.209,0.253,0.386,0.607,0.736,0,0.031,1,0,0,0,0,0,0,37,37,37,37,37,37
"low NED","random",40,10,-0.039,0.63,0.909,-1.571,-0.213,0.372,0.171,0.269,0.367,0.153,0.205,0.27,0.358,0.632,0.793,0,0,0,0,0,0,0,0,0,37,37,37,37,37,37
"low NED","random",40,15,-0.048,0.625,0.936,-1.544,-0.022,0.475,0.061,0.154,0.285,0.14,0.187,0.257,0.256,0.572,0.781,0,0,0,0,0,0,0,0,0,37,37,37,37,37,37
"low NED","random",50,5,0.104,0.667,0.849,-1.653,-0.558,0.055,0.532,0.578,0.644,0.163,0.197,0.23,0.494,0.652,0.748,0,0.007,1,0,0,0,0,0,0,37,37,37,37,37,37
"low NED","random",50,10,0.105,0.753,0.925,-1.436,-0.205,0.213,0.183,0.242,0.354,0.142,0.186,0.232,0.407,0.649,0.779,0,0,0,0,0,0,0,0,0,37,37,37,37,37,37
"low NED","random",50,15,0.016,0.781,0.955,-1.471,-0.013,0.281,0.045,0.113,0.259,0.129,0.167,0.228,0.307,0.577,0.78,0,0,0,0,0,0,0,0,0,37,37,37,37,37,37
"low NED","random",60,5,0.203,0.736,0.86,-1.618,-0.553,-0.02,0.539,0.568,0.628,0.16,0.187,0.216,0.568,0.681,0.762,0,0.002,1,0,0,0,0,0,0,37,37,37,37,37,37
"low NED","random",60,10,0.223,0.857,0.948,-1.353,-0.199,0.097,0.184,0.221,0.312,0.145,0.17,0.205,0.535,0.657,0.766,0,0,0,0,0,0,0,0,0,37,37,37,37,37,37
"low NED","random",60,15,0.112,0.917,0.985,-1.31,-0.006,0.194,0.025,0.07,0.219,0.124,0.149,0.193,0.38,0.568,0.745,0,0,0,0,0,0,0,0,0,37,37,37,37,37,37
"low NED","by order",14,5,0.116,0.116,0.116,-1.251,-0.618,0.14,0.69,0.69,0.69,0.298,0.298,0.298,0.396,0.396,0.396,0,0,0,0,0,0,0,0,0,37,37,37,37,37,37
"low NED","by order",14,10,0.054,0.054,0.054,-1.17,-0.242,0.528,0.422,0.422,0.422,0.332,0.332,0.332,0.568,0.568,0.568,0,0,0,0,0,0,0,0,0,37,37,37,37,37,37
"low NED","by order",14,15,-0.008,-0.008,-0.008,-1.047,-0.051,0.631,0.344,0.344,0.344,0.317,0.317,0.317,0.542,0.542,0.542,0,0,0,0,0,0,0,0,0,37,37,37,37,37,37
"low NED","by order",20,5,0.082,0.082,0.082,-1.373,-0.578,0.274,0.64,0.64,0.64,0.256,0.256,0.256,0.457,0.457,0.457,0,0,0,0,0,0,0,0,0,37,37,37,37,37,37
"low NED","by order",20,10,0.022,0.022,0.022,-1.155,-0.197,0.637,0.358,0.358,0.358,0.275,0.275,0.275,0.58,0.58,0.58,0,0,0,0,0,0,0,0,0,37,37,37,37,37,37
"low NED","by order",20,15,-0.023,-0.023,-0.023,-0.993,-0.004,0.688,0.295,0.295,0.295,0.264,0.264,0.264,0.561,0.561,0.561,0,0,0,0,0,0,0,0,0,37,37,37,37,37,37
"low NED","by order",30,5,0.129,0.129,0.129,-1.42,-0.573,0.045,0.618,0.618,0.618,0.21,0.21,0.21,0.478,0.478,0.478,0,0,0,0,0,0,0,0,0,37,37,37,37,37,37
"low NED","by order",30,10,0.092,0.092,0.092,-1.121,-0.196,0.249,0.31,0.31,0.31,0.216,0.216,0.216,0.563,0.563,0.563,0,0,0,0,0,0,0,0,0,37,37,37,37,37,37
"low NED","by order",30,15,-0.005,-0.005,-0.005,-1.074,-0.011,0.453,0.254,0.254,0.254,0.219,0.219,0.219,0.59,0.59,0.59,0,0,0,0,0,0,0,0,0,37,37,37,37,37,37
"low NED","by order",40,5,0.125,0.125,0.125,-1.467,-0.57,-0.032,0.61,0.61,0.61,0.19,0.19,0.19,0.533,0.533,0.533,0,0,0,0,0,0,0,0,0,37,37,37,37,37,37
"low NED","by order",40,10,0.052,0.052,0.052,-1.278,-0.215,0.17,0.316,0.316,0.316,0.201,0.201,0.201,0.629,0.629,0.629,0,0,0,0,0,0,0,0,0,37,37,37,37,37,37
"low NED","by order",40,15,-0.026,-0.026,-0.026,-1.183,-0.02,0.392,0.242,0.242,0.242,0.201,0.201,0.201,0.641,0.641,0.641,0,0,0,0,0,0,0,0,0,37,37,37,37,37,37
"low NED","by order",50,5,0.253,0.253,0.253,-1.452,-0.585,-0.046,0.619,0.619,0.619,0.193,0.193,0.193,0.639,0.639,0.639,0,0,0,0,0,0,0,0,0,37,37,37,37,37,37
"low NED","by order",50,10,0.248,0.248,0.248,-1.119,-0.232,0.017,0.3,0.3,0.3,0.176,0.176,0.176,0.618,0.618,0.618,0,0,0,0,0,0,0,0,0,37,37,37,37,37,37
"low NED","by order",50,15,0.139,0.139,0.139,-1.045,-0.033,0.244,0.201,0.201,0.201,0.169,0.169,0.169,0.601,0.601,0.601,0,0,0,0,0,0,0,0,0,37,37,37,37,37,37
"low NED","by order",60,5,0.309,0.309,0.309,-1.482,-0.579,-0.032,0.612,0.612,0.612,0.193,0.193,0.193,0.703,0.703,0.703,0,0,0,0,0,0,0,0,0,37,37,37,37,37,37
"low NED","by order",60,10,0.347,0.347,0.347,-1.148,-0.229,-0.067,0.285,0.285,0.285,0.163,0.163,0.163,0.63,0.63,0.63,0,0,0,0,0,0,0,0,0,37,37,37,37,37,37
"low NED","by order",60,15,0.229,0.229,0.229,-1.079,-0.033,0.09,0.184,0.184,0.184,0.16,0.16,0.16,0.631,0.631,0.631,0,0,0,0,0,0,0,0,0,37,37,37,37,37,37
"low NED","by order",70,5,0.791,0.791,0.791,-0.738,-0.549,-0.128,0.56,0.56,0.56,0.178,0.178,0.178,0.702,0.702,0.702,0,0,0,0,0,0,0,0,0,37,37,37,37,37,37
"low NED","by order",70,10,0.941,0.941,0.941,-0.304,-0.193,-0.05,0.2,0.2,0.2,0.157,0.157,0.157,0.658,0.658,0.658,0,0,0,0,0,0,0,0,0,37,37,37,37,37,37
"low NED","by order",70,15,NA,NA,NA,NA,NA,NA,NA,NA,NA,0.134,0.134,0.134,0.548,0.548,0.548,0,0,0,0,0,0,0,0,0,37,37,37,37,37,37
"medium NED","random",14,5,-0.336,0.102,0.567,-1.712,-0.55,1.253,0.487,0.605,0.723,0.142,0.25,0.43,0,0.157,0.711,0,3.136,9,0,0,0,0,0,0,36,36,36,36,36,36
"medium NED","random",14,10,-0.406,0.15,0.607,-1.36,-0.249,1.238,0.245,0.359,0.48,0.173,0.26,0.408,0,0.276,0.713,0,0.331,3,0,0,0,0,0,0,36,36,36,36,36,36
"medium NED","random",14,15,-0.296,0.236,0.637,-1.101,-0.054,2.105,0.134,0.239,0.437,0.129,0.239,0.469,0,0.196,0.791,0,0.039,1,0,0,0,0,0,0,36,36,36,36,36,36
"medium NED","random",20,5,-0.303,0.148,0.63,-1.388,-0.537,0.853,0.475,0.578,0.674,0.145,0.213,0.307,0,0.203,0.622,0,1.824,6,0,0,0,0,0,0,36,36,36,36,36,36
"medium NED","random",20,10,-0.273,0.214,0.718,-1.154,-0.23,1.043,0.201,0.316,0.401,0.149,0.221,0.327,0,0.322,0.703,0,0.121,2,0,0,0,0,0,0,36,36,36,36,36,36
"medium NED","random",20,15,-0.227,0.307,0.743,-1.026,-0.036,1.001,0.109,0.193,0.31,0.104,0.198,0.304,0,0.217,0.669,0,0.005,1,0,0,0,0,0,0,36,36,36,36,36,36
"medium NED","random",30,5,-0.254,0.217,0.635,-1.195,-0.528,0.725,0.488,0.555,0.634,0.117,0.173,0.257,0,0.217,0.654,0,0.788,4,0,0,0,0,0,0,36,36,36,36,36,36
"medium NED","random",30,10,-0.207,0.312,0.716,-1.04,-0.215,0.832,0.21,0.275,0.342,0.12,0.18,0.256,0,0.346,0.688,0,0.011,1,0,0,0,0,0,0,36,36,36,36,36,36
"medium NED","random",30,15,-0.19,0.425,0.784,-0.887,-0.02,0.793,0.081,0.143,0.212,0.095,0.156,0.223,0,0.189,0.604,0,0,0,0,0,0,0,0,0,36,36,36,36,36,36
"medium NED","random",40,5,-0.222,0.275,0.664,-1.109,-0.522,0.469,0.485,0.542,0.595,0.094,0.145,0.225,0,0.185,0.666,0,0.349,3,0,0,0,0,0,0,36,36,36,36,36,36
"medium NED","random",40,10,-0.086,0.411,0.786,-0.948,-0.208,0.75,0.191,0.25,0.31,0.108,0.152,0.21,0,0.327,0.66,0,0.001,1,0,0,0,0,0,0,36,36,36,36,36,36
"medium NED","random",40,15,-0.004,0.554,0.884,-0.819,-0.012,0.743,0.062,0.107,0.183,0.084,0.127,0.185,0,0.129,0.576,0,0,0,0,0,0,0,0,0,36,36,36,36,36,36
"medium NED","random",50,5,-0.081,0.336,0.688,-1.039,-0.519,0.423,0.494,0.533,0.579,0.091,0.125,0.185,0,0.142,0.609,0,0.161,2,0,0,0,0,0,0,36,36,36,36,36,36
"medium NED","random",50,10,-0.03,0.493,0.803,-0.944,-0.203,0.691,0.196,0.233,0.29,0.097,0.132,0.185,0,0.301,0.652,0,0,0,0,0,0,0,0,0,36,36,36,36,36,36
"medium NED","random",50,15,0.142,0.681,0.918,-0.602,-0.006,0.506,0.043,0.079,0.141,0.071,0.105,0.151,0,0.069,0.5,0,0,0,0,0,0,0,0,0,36,36,36,36,36,36
"medium NED","random",60,5,0.036,0.389,0.603,-1.004,-0.517,0.241,0.505,0.527,0.559,0.09,0.11,0.156,0,0.098,0.545,0,0.047,1,0,0,0,0,0,0,36,36,36,36,36,36
"medium NED","random",60,10,0.2,0.578,0.814,-0.822,-0.198,0.557,0.196,0.219,0.269,0.092,0.115,0.157,0,0.243,0.598,0,0,0,0,0,0,0,0,0,36,36,36,36,36,36
"medium NED","random",60,15,0.311,0.84,0.964,-0.55,-0.002,0.436,0.025,0.05,0.106,0.064,0.087,0.119,0,0.019,0.329,0,0,0,0,0,0,0,0,0,36,36,36,36,36,36
"medium NED","by order",14,5,-0.207,-0.207,-0.207,-1.257,-0.609,-0.222,0.664,0.664,0.664,0.243,0.243,0.243,0.096,0.096,0.096,5,5,5,0,0,0,0,0,0,36,36,36,36,36,36
"medium NED","by order",14,10,-0.16,-0.16,-0.16,-1.313,-0.278,0.342,0.424,0.424,0.424,0.305,0.305,0.305,0.488,0.488,0.488,1,1,1,0,0,0,0,0,0,36,36,36,36,36,36
"medium NED","by order",14,15,-0.231,-0.231,-0.231,-1.191,-0.1,0.36,0.326,0.326,0.326,0.29,0.29,0.29,0.455,0.455,0.455,1,1,1,0,0,0,0,0,0,36,36,36,36,36,36
"medium NED","by order",20,5,-0.13,-0.13,-0.13,-1.128,-0.579,-0.215,0.618,0.618,0.618,0.199,0.199,0.199,0.099,0.099,0.099,2,2,2,0,0,0,0,0,0,36,36,36,36,36,36
"medium NED","by order",20,10,0.095,0.095,0.095,-0.773,-0.23,0.314,0.336,0.336,0.336,0.245,0.245,0.245,0.469,0.469,0.469,0,0,0,0,0,0,0,0,0,36,36,36,36,36,36
"medium NED","by order",20,15,0.035,0.035,0.035,-0.557,-0.042,0.346,0.206,0.206,0.206,0.195,0.195,0.195,0.191,0.191,0.191,0,0,0,0,0,0,0,0,0,36,36,36,36,36,36
"medium NED","by order",30,5,0.066,0.066,0.066,-0.919,-0.526,-0.232,0.556,0.556,0.556,0.174,0.174,0.174,0.242,0.242,0.242,1,1,1,0,0,0,0,0,0,36,36,36,36,36,36
"medium NED","by order",30,10,0.192,0.192,0.192,-0.649,-0.2,0.183,0.291,0.291,0.291,0.217,0.217,0.217,0.566,0.566,0.566,0,0,0,0,0,0,0,0,0,36,36,36,36,36,36
"medium NED","by order",30,15,0.216,0.216,0.216,-0.454,0,0.25,0.164,0.164,0.164,0.166,0.166,0.166,0.287,0.287,0.287,0,0,0,0,0,0,0,0,0,36,36,36,36,36,36
"medium NED","by order",40,5,0.111,0.111,0.111,-0.902,-0.527,-0.293,0.548,0.548,0.548,0.142,0.142,0.142,0.157,0.157,0.157,1,1,1,0,0,0,0,0,0,36,36,36,36,36,36
"medium NED","by order",40,10,0.278,0.278,0.278,-0.553,-0.197,0.126,0.248,0.248,0.248,0.157,0.157,0.157,0.392,0.392,0.392,0,0,0,0,0,0,0,0,0,36,36,36,36,36,36
"medium NED","by order",40,15,0.397,0.397,0.397,-0.357,0.005,0.214,0.109,0.109,0.109,0.117,0.117,0.117,0,0,0,0,0,0,0,0,0,0,0,0,36,36,36,36,36,36
"medium NED","by order",50,5,0.433,0.433,0.433,-0.809,-0.505,-0.301,0.519,0.519,0.519,0.138,0.138,0.138,0.292,0.292,0.292,1,1,1,0,0,0,0,0,0,36,36,36,36,36,36
"medium NED","by order",50,10,0.467,0.467,0.467,-0.63,-0.192,0.082,0.235,0.235,0.235,0.156,0.156,0.156,0.514,0.514,0.514,0,0,0,0,0,0,0,0,0,36,36,36,36,36,36
"medium NED","by order",50,15,0.581,0.581,0.581,-0.445,0.007,0.14,0.103,0.103,0.103,0.128,0.128,0.128,0.298,0.298,0.298,0,0,0,0,0,0,0,0,0,36,36,36,36,36,36
"medium NED","by order",60,5,0.447,0.447,0.447,-0.753,-0.511,-0.321,0.521,0.521,0.521,0.114,0.114,0.114,0.15,0.15,0.15,0,0,0,0,0,0,0,0,0,36,36,36,36,36,36
"medium NED","by order",60,10,0.554,0.554,0.554,-0.466,-0.193,0.07,0.219,0.219,0.219,0.125,0.125,0.125,0.374,0.374,0.374,0,0,0,0,0,0,0,0,0,36,36,36,36,36,36
"medium NED","by order",60,15,0.756,0.756,0.756,-0.265,0.003,0.146,0.061,0.061,0.061,0.095,0.095,0.095,0,0,0,0,0,0,0,0,0,0,0,0,36,36,36,36,36,36
"medium NED","by order",70,5,0.438,0.438,0.438,-0.7,-0.515,-0.357,0.523,0.523,0.523,0.099,0.099,0.099,0.031,0.031,0.031,0,0,0,0,0,0,0,0,0,36,36,36,36,36,36
"medium NED","by order",70,10,0.658,0.658,0.658,-0.34,-0.195,0.057,0.21,0.21,0.21,0.102,0.102,0.102,0.193,0.193,0.193,0,0,0,0,0,0,0,0,0,36,36,36,36,36,36
"medium NED","by order",70,15,NA,NA,NA,NA,NA,NA,NA,NA,NA,0.072,0.072,0.072,0,0,0,0,0,0,0,0,0,0,0,0,36,36,36,36,36,36
