"occasions_drawn","n_occasions","n_items","cor_ICC.z_min","cor_ICC.z_mean","cor_ICC.z_max","min_diff_ICC.z_min","mean_diff_ICC.z_mean","max_diff_ICC.z_max","RMSE.z_min","RMSE.z_mean","RMSE.z_max","sd_ICC.z_min","sd_ICC.z_mean","sd_ICC.z_max","rel_min","rel_mean","rel_max","percnegICC_min","percnegICC_mean","percnegICC_max","estimationProbNeg_min","estimationProbNeg_mean","estimationProbNeg_max","estimationProbPos_min","estimationProbPos_mean","estimationProbPos_max","N_rel_min","N_rel_mean","N_rel_max","N_valid_ICC.z_min","N_valid_ICC.z_mean","N_valid_ICC.z_max"
"random",14,5,0.39,0.586,0.763,-2.018,-0.532,1.091,0.295,0.578,1.371,0.247,0.308,0.378,0.135,0.44,0.633,0.028,0.109,0.22,0,0,0,0,0,0,109,109,109,109,109,109
"random",14,10,0.433,0.639,0.781,-2.085,-0.245,1.362,0.17,0.348,1.163,0.285,0.35,0.446,0.426,0.614,0.765,0,0.023,0.073,0,0,0,0,0,0,109,109,109,109,109,109
"random",14,15,0.378,0.679,0.826,-2.031,-0.066,1.504,0.116,0.242,1.101,0.29,0.352,0.425,0.463,0.632,0.75,0,0.009,0.046,0,0,0,0,0,0,109,109,109,109,109,109
"random",20,5,0.48,0.659,0.801,-1.933,-0.52,1.091,0.255,0.552,1.299,0.222,0.283,0.344,0.29,0.558,0.704,0.009,0.078,0.165,0,0,0,0,0,0,109,109,109,109,109,109
"random",20,10,0.528,0.711,0.856,-1.897,-0.227,1.078,0.139,0.306,1.069,0.275,0.322,0.38,0.589,0.697,0.784,0,0.011,0.046,0,0,0,0,0,0,109,109,109,109,109,109
"random",20,15,0.541,0.76,0.868,-1.785,-0.043,1.043,0.082,0.19,0.977,0.275,0.323,0.392,0.604,0.71,0.805,0,0.002,0.028,0,0,0,0,0,0,109,109,109,109,109,109
"random",30,5,0.584,0.736,0.849,-1.853,-0.51,0.739,0.216,0.529,1.164,0.22,0.258,0.295,0.536,0.66,0.742,0,0.05,0.11,0,0,0,0,0,0,109,109,109,109,109,109
"random",30,10,0.623,0.796,0.889,-1.721,-0.207,0.895,0.114,0.261,0.934,0.258,0.296,0.341,0.699,0.77,0.828,0,0.004,0.028,0,0,0,0,0,0,109,109,109,109,109,109
"random",30,15,0.695,0.837,0.921,-1.638,-0.026,1.013,0.059,0.141,0.852,0.253,0.296,0.345,0.699,0.779,0.838,0,0,0.018,0,0,0,0,0,0,109,109,109,109,109,109
"random",40,5,0.668,0.791,0.879,-1.708,-0.505,0.518,0.18,0.516,1.032,0.212,0.246,0.289,0.631,0.724,0.801,0,0.035,0.092,0,0,0,0,0,0,109,109,109,109,109,109
"random",40,10,0.712,0.852,0.923,-1.585,-0.198,0.731,0.099,0.236,0.79,0.247,0.28,0.312,0.758,0.81,0.849,0,0.001,0.018,0,0,0,0,0,0,109,109,109,109,109,109
"random",40,15,0.762,0.896,0.957,-1.645,-0.016,0.734,0.043,0.106,0.732,0.251,0.282,0.323,0.773,0.82,0.863,0,0,0.009,0,0,0,0,0,0,109,109,109,109,109,109
"random",50,5,0.698,0.833,0.903,-1.653,-0.501,0.387,0.157,0.508,0.891,0.213,0.237,0.261,0.709,0.766,0.807,0,0.026,0.073,0,0,0,0,0,0,109,109,109,109,109,109
"random",50,10,0.775,0.896,0.943,-1.512,-0.191,0.671,0.082,0.216,0.654,0.237,0.269,0.299,0.793,0.838,0.869,0,0,0.009,0,0,0,0,0,0,109,109,109,109,109,109
"random",50,15,0.825,0.941,0.978,-1.381,-0.009,0.559,0.03,0.077,0.597,0.244,0.271,0.299,0.811,0.846,0.874,0,0,0,0,0,0,0,0,0,109,109,109,109,109,109
"random",60,5,0.761,0.865,0.908,-1.601,-0.497,0.301,0.142,0.501,0.749,0.214,0.231,0.247,0.762,0.796,0.821,0,0.02,0.046,0,0,0,0,0,0,109,109,109,109,109,109
"random",60,10,0.833,0.932,0.96,-1.431,-0.186,0.495,0.064,0.2,0.469,0.242,0.261,0.278,0.834,0.858,0.875,0,0,0.009,0,0,0,0,0,0,109,109,109,109,109,109
"random",60,15,0.86,0.977,0.992,-1.356,-0.004,0.327,0.02,0.05,0.405,0.245,0.264,0.283,0.845,0.866,0.884,0,0,0,0,0,0,0,0,0,109,109,109,109,109,109
"by order",14,5,0.509,0.509,0.509,-1.257,-0.564,0.154,NA,NA,NA,0.314,0.314,0.314,0.468,0.468,0.468,0.119,0.119,0.119,0,0,0,0,0,0,109,109,109,109,109,109
"by order",14,10,0.538,0.538,0.538,-1.313,-0.227,0.528,NA,NA,NA,0.364,0.364,0.364,0.648,0.648,0.648,0.028,0.028,0.028,0,0,0,0,0,0,109,109,109,109,109,109
"by order",14,15,0.554,0.554,0.554,-1.191,-0.044,0.631,NA,NA,NA,0.357,0.357,0.357,0.647,0.647,0.647,0.009,0.009,0.009,0,0,0,0,0,0,109,109,109,109,109,109
"by order",20,5,0.607,0.607,0.607,-1.373,-0.539,0.274,NA,NA,NA,0.29,0.29,0.29,0.582,0.582,0.582,0.083,0.083,0.083,0,0,0,0,0,0,109,109,109,109,109,109
"by order",20,10,0.656,0.656,0.656,-1.155,-0.195,0.637,NA,NA,NA,0.33,0.33,0.33,0.714,0.714,0.714,0.018,0.018,0.018,0,0,0,0,0,0,109,109,109,109,109,109
"by order",20,15,0.698,0.698,0.698,-0.993,-0.009,0.688,NA,NA,NA,0.317,0.317,0.317,0.701,0.701,0.701,0,0,0,0,0,0,0,0,0,109,109,109,109,109,109
"by order",30,5,0.695,0.695,0.695,-1.42,-0.52,0.045,NA,NA,NA,0.266,0.266,0.266,0.681,0.681,0.681,0.083,0.083,0.083,0,0,0,0,0,0,109,109,109,109,109,109
"by order",30,10,0.743,0.743,0.743,-1.121,-0.19,0.249,NA,NA,NA,0.31,0.31,0.31,0.791,0.791,0.791,0,0,0,0,0,0,0,0,0,109,109,109,109,109,109
"by order",30,15,0.778,0.778,0.778,-1.074,-0.005,0.453,NA,NA,NA,0.298,0.298,0.298,0.783,0.783,0.783,0,0,0,0,0,0,0,0,0,109,109,109,109,109,109
"by order",40,5,0.736,0.736,0.736,-1.467,-0.519,-0.032,NA,NA,NA,0.25,0.25,0.25,0.734,0.734,0.734,0.064,0.064,0.064,0,0,0,0,0,0,109,109,109,109,109,109
"by order",40,10,0.773,0.773,0.773,-1.278,-0.194,0.17,NA,NA,NA,0.281,0.281,0.281,0.814,0.814,0.814,0,0,0,0,0,0,0,0,0,109,109,109,109,109,109
"by order",40,15,0.812,0.812,0.812,-1.183,-0.007,0.392,NA,NA,NA,0.281,0.281,0.281,0.82,0.82,0.82,0,0,0,0,0,0,0,0,0,109,109,109,109,109,109
"by order",50,5,0.768,0.768,0.768,-1.452,-0.513,-0.046,NA,NA,NA,0.239,0.239,0.239,0.77,0.77,0.77,0.055,0.055,0.055,0,0,0,0,0,0,109,109,109,109,109,109
"by order",50,10,0.819,0.819,0.819,-1.119,-0.195,0.122,NA,NA,NA,0.262,0.262,0.262,0.83,0.83,0.83,0,0,0,0,0,0,0,0,0,109,109,109,109,109,109
"by order",50,15,0.855,0.855,0.855,-1.045,-0.01,0.244,NA,NA,NA,0.267,0.267,0.267,0.842,0.842,0.842,0,0,0,0,0,0,0,0,0,109,109,109,109,109,109
"by order",60,5,0.789,0.789,0.789,-1.482,-0.507,-0.032,NA,NA,NA,0.228,0.228,0.228,0.791,0.791,0.791,0.028,0.028,0.028,0,0,0,0,0,0,109,109,109,109,109,109
"by order",60,10,0.871,0.871,0.871,-1.148,-0.195,0.07,NA,NA,NA,0.251,0.251,0.251,0.846,0.846,0.846,0,0,0,0,0,0,0,0,0,109,109,109,109,109,109
"by order",60,15,0.899,0.899,0.899,-1.079,-0.013,0.146,NA,NA,NA,0.259,0.259,0.259,0.861,0.861,0.861,0,0,0,0,0,0,0,0,0,109,109,109,109,109,109
"by order",70,5,0.89,0.89,0.89,-0.738,-0.495,-0.128,NA,NA,NA,0.227,0.227,0.227,0.82,0.82,0.82,0.018,0.018,0.018,0,0,0,0,0,0,109,109,109,109,109,109
"by order",70,10,0.961,0.961,0.961,-0.34,-0.182,0.057,NA,NA,NA,0.256,0.256,0.256,0.874,0.874,0.874,0,0,0,0,0,0,0,0,0,109,109,109,109,109,109
"by order",70,15,NA,NA,NA,NA,NA,NA,NA,NA,NA,0.259,0.259,0.259,0.881,0.881,0.881,0,0,0,0,0,0,0,0,0,109,109,109,109,109,109
